resultId,raceId,driverId,constructorId,number,grid,position,positionText,positionOrder,points,laps,time,milliseconds,fastestLap,fastestLapTime,statusId,driverRef,driver_name,dob,nationality_x,constructorRef,team_name,nationality_y,year,round,circuitId,race_name,date
1,1061,830,9,33,2,1,1,1,3,17,25:38.426,1538426,14,1:30.013,1,max_verstappen,Max Verstappen,1997-09-30,Dutch,red_bull,Red Bull,Austrian,2021,10,9,British Grand Prix,2021-07-18
2,1061,1,131,44,1,2,2,2,2,17,+1.430,1539856,17,1:29.937,1,hamilton,Lewis Hamilton,1985-01-07,British,mercedes,Mercedes,German,2021,10,9,British Grand Prix,2021-07-18
3,1061,822,131,77,3,3,3,3,1,17,+7.502,1545928,17,1:29.958,1,bottas,Valtteri Bottas,1989-08-28,Finnish,mercedes,Mercedes,German,2021,10,9,British Grand Prix,2021-07-18
4,1061,844,6,16,4,4,4,4,0,17,+11.278,1549704,16,1:30.163,1,leclerc,Charles Leclerc,1997-10-16,Monegasque,ferrari,Ferrari,Italian,2021,10,9,British Grand Prix,2021-07-18
5,1061,846,1,4,6,5,5,5,0,17,+24.111,1562537,16,1:30.566,1,norris,Lando Norris,1999-11-13,British,mclaren,McLaren,British,2021,10,9,British Grand Prix,2021-07-18
6,1061,817,1,3,7,6,6,6,0,17,+30.959,1569385,17,1:30.640,1,ricciardo,Daniel Ricciardo,1989-07-01,Australian,mclaren,McLaren,British,2021,10,9,British Grand Prix,2021-07-18
7,1061,4,214,14,11,7,7,7,0,17,+43.527,1581953,17,1:31.773,1,alonso,Fernando Alonso,1981-07-29,Spanish,alpine,Alpine F1 Team,French,2021,10,9,British Grand Prix,2021-07-18
8,1061,20,117,5,10,8,8,8,0,17,+44.439,1582865,17,1:31.687,1,vettel,Sebastian Vettel,1987-07-03,German,aston_martin,Aston Martin,British,2021,10,9,British Grand Prix,2021-07-18
9,1061,847,3,63,8,9,9,9,0,17,+46.652,1585078,17,1:32.208,1,russell,George Russell,1998-02-15,British,williams,Williams,British,2021,10,9,British Grand Prix,2021-07-18
10,1061,839,214,31,13,10,10,10,0,17,+47.395,1585821,16,1:32.183,1,ocon,Esteban Ocon,1996-09-17,French,alpine,Alpine F1 Team,French,2021,10,9,British Grand Prix,2021-07-18
11,1061,832,6,55,9,11,11,11,0,17,+47.798,1586224,10,1:31.991,1,sainz,Carlos Sainz,1994-09-01,Spanish,ferrari,Ferrari,Italian,2021,10,9,British Grand Prix,2021-07-18
12,1061,842,213,10,12,12,12,12,0,17,+48.763,1587189,17,1:32.072,1,gasly,Pierre Gasly,1996-02-07,French,alphatauri,AlphaTauri,Italian,2021,10,9,British Grand Prix,2021-07-18
13,1061,8,51,7,17,13,13,13,0,17,+50.677,1589103,12,1:32.139,1,raikkonen,Kimi Räikkönen,1979-10-17,Finnish,alfa,Alfa Romeo,Swiss,2021,10,9,British Grand Prix,2021-07-18
14,1061,840,117,18,15,14,14,14,0,17,+52.179,1590605,12,1:32.210,1,stroll,Lance Stroll,1998-10-29,Canadian,aston_martin,Aston Martin,British,2021,10,9,British Grand Prix,2021-07-18
15,1061,841,51,99,14,15,15,15,0,17,+53.225,1591651,14,1:32.457,1,giovinazzi,Antonio Giovinazzi,1993-12-14,Italian,alfa,Alfa Romeo,Swiss,2021,10,9,British Grand Prix,2021-07-18
16,1061,852,213,22,16,16,16,16,0,17,+53.567,1591993,14,1:32.270,1,tsunoda,Yuki Tsunoda,2000-05-11,Japanese,alphatauri,AlphaTauri,Italian,2021,10,9,British Grand Prix,2021-07-18
17,1061,849,3,6,18,17,17,17,0,17,+55.162,1593588,17,1:32.143,1,latifi,Nicholas Latifi,1995-06-29,Canadian,williams,Williams,British,2021,10,9,British Grand Prix,2021-07-18
18,1061,854,210,47,19,18,18,18,0,17,+1:08.213,1606639,15,1:32.567,1,mick_schumacher,Mick Schumacher,1999-03-22,German,haas,Haas F1 Team,American,2021,10,9,British Grand Prix,2021-07-18
19,1061,853,210,9,20,19,19,19,0,17,+1:17.648,1616074,3,1:33.462,1,mazepin,Nikita Mazepin,1999-03-02,Russian,haas,Haas F1 Team,American,2021,10,9,British Grand Prix,2021-07-18
20,1061,815,9,11,5,\N,R,20,0,16,\N,\N,6,1:31.465,76,perez,Sergio Pérez,1990-01-26,Mexican,red_bull,Red Bull,Austrian,2021,10,9,British Grand Prix,2021-07-18
21,1065,822,131,77,1,1,1,1,3,18,27:54.078,1674078,9,1:23.540,1,bottas,Valtteri Bottas,1989-08-28,Finnish,mercedes,Mercedes,German,2021,14,14,Italian Grand Prix,2021-09-12
22,1065,830,9,33,3,2,2,2,2,18,+2.325,1676403,9,1:23.502,1,max_verstappen,Max Verstappen,1997-09-30,Dutch,red_bull,Red Bull,Austrian,2021,14,14,Italian Grand Prix,2021-09-12
23,1065,817,1,3,5,3,3,3,1,18,+14.534,1688612,17,1:24.291,1,ricciardo,Daniel Ricciardo,1989-07-01,Australian,mclaren,McLaren,British,2021,14,14,Italian Grand Prix,2021-09-12
24,1065,846,1,4,4,4,4,4,0,18,+18.835,1692913,9,1:24.554,1,norris,Lando Norris,1999-11-13,British,mclaren,McLaren,British,2021,14,14,Italian Grand Prix,2021-09-12
25,1065,1,131,44,2,5,5,5,0,18,+20.011,1694089,9,1:24.253,1,hamilton,Lewis Hamilton,1985-01-07,British,mercedes,Mercedes,German,2021,14,14,Italian Grand Prix,2021-09-12
26,1065,844,6,16,8,6,6,6,0,18,+23.442,1697520,18,1:24.677,1,leclerc,Charles Leclerc,1997-10-16,Monegasque,ferrari,Ferrari,Italian,2021,14,14,Italian Grand Prix,2021-09-12
27,1065,832,6,55,7,7,7,7,0,18,+27.952,1702030,8,1:24.918,1,sainz,Carlos Sainz,1994-09-01,Spanish,ferrari,Ferrari,Italian,2021,14,14,Italian Grand Prix,2021-09-12
28,1065,841,51,99,10,8,8,8,0,18,+31.089,1705167,10,1:25.126,1,giovinazzi,Antonio Giovinazzi,1993-12-14,Italian,alfa,Alfa Romeo,Swiss,2021,14,14,Italian Grand Prix,2021-09-12
29,1065,815,9,11,9,9,9,9,0,18,+31.680,1705758,12,1:24.211,1,perez,Sergio Pérez,1990-01-26,Mexican,red_bull,Red Bull,Austrian,2021,14,14,Italian Grand Prix,2021-09-12
30,1065,840,117,18,12,10,10,10,0,18,+38.671,1712749,8,1:25.349,1,stroll,Lance Stroll,1998-10-29,Canadian,aston_martin,Aston Martin,British,2021,14,14,Italian Grand Prix,2021-09-12
31,1065,4,214,14,13,11,11,11,0,18,+39.795,1713873,8,1:25.225,1,alonso,Fernando Alonso,1981-07-29,Spanish,alpine,Alpine F1 Team,French,2021,14,14,Italian Grand Prix,2021-09-12
32,1065,20,117,5,11,12,12,12,0,18,+41.177,1715255,8,1:25.493,1,vettel,Sebastian Vettel,1987-07-03,German,aston_martin,Aston Martin,British,2021,14,14,Italian Grand Prix,2021-09-12
33,1065,839,214,31,14,13,13,13,0,18,+43.373,1717451,8,1:25.613,1,ocon,Esteban Ocon,1996-09-17,French,alpine,Alpine F1 Team,French,2021,14,14,Italian Grand Prix,2021-09-12
34,1065,849,3,6,16,14,14,14,0,18,+45.977,1720055,9,1:25.711,1,latifi,Nicholas Latifi,1995-06-29,Canadian,williams,Williams,British,2021,14,14,Italian Grand Prix,2021-09-12
35,1065,847,3,63,15,15,15,15,0,18,+46.821,1720899,15,1:25.835,1,russell,George Russell,1998-02-15,British,williams,Williams,British,2021,14,14,Italian Grand Prix,2021-09-12
36,1065,852,213,22,17,16,16,16,0,18,+49.977,1724055,18,1:25.847,1,tsunoda,Yuki Tsunoda,2000-05-11,Japanese,alphatauri,AlphaTauri,Italian,2021,14,14,Italian Grand Prix,2021-09-12
37,1065,853,210,9,20,17,17,17,0,18,+1:02.599,1736677,7,1:26.613,1,mazepin,Nikita Mazepin,1999-03-02,Russian,haas,Haas F1 Team,American,2021,14,14,Italian Grand Prix,2021-09-12
38,1065,9,51,88,19,18,18,18,0,18,+1:05.096,1739174,12,1:26.772,1,kubica,Robert Kubica,1984-12-07,Polish,alfa,Alfa Romeo,Swiss,2021,14,14,Italian Grand Prix,2021-09-12
39,1065,854,210,47,18,19,19,19,0,18,+1:06.154,1740232,7,1:26.819,1,mick_schumacher,Mick Schumacher,1999-03-22,German,haas,Haas F1 Team,American,2021,14,14,Italian Grand Prix,2021-09-12
40,1065,842,213,10,6,\N,R,20,0,0,\N,\N,\N,\N,3,gasly,Pierre Gasly,1996-02-07,French,alphatauri,AlphaTauri,Italian,2021,14,14,Italian Grand Prix,2021-09-12
41,1071,822,131,77,2,1,1,1,3,24,29:09.559,1749559,8,1:12.300,1,bottas,Valtteri Bottas,1989-08-28,Finnish,mercedes,Mercedes,German,2021,19,18,São Paulo Grand Prix,2021-11-14
42,1071,830,9,33,1,2,2,2,2,24,+1.170,1750729,9,1:12.114,1,max_verstappen,Max Verstappen,1997-09-30,Dutch,red_bull,Red Bull,Austrian,2021,19,18,São Paulo Grand Prix,2021-11-14
43,1071,832,6,55,5,3,3,3,1,24,+18.723,1768282,13,1:13.167,1,sainz,Carlos Sainz,1994-09-01,Spanish,ferrari,Ferrari,Italian,2021,19,18,São Paulo Grand Prix,2021-11-14
44,1071,815,9,11,3,4,4,4,0,24,+19.787,1769346,13,1:13.110,1,perez,Sergio Pérez,1990-01-26,Mexican,red_bull,Red Bull,Austrian,2021,19,18,São Paulo Grand Prix,2021-11-14
45,1071,1,131,44,20,5,5,5,0,24,+20.872,1770431,5,1:12.357,1,hamilton,Lewis Hamilton,1985-01-07,British,mercedes,Mercedes,German,2021,19,18,São Paulo Grand Prix,2021-11-14
46,1071,846,1,4,7,6,6,6,0,24,+22.558,1772117,8,1:12.994,1,norris,Lando Norris,1999-11-13,British,mclaren,McLaren,British,2021,19,18,São Paulo Grand Prix,2021-11-14
47,1071,844,6,16,6,7,7,7,0,24,+25.056,1774615,4,1:13.140,1,leclerc,Charles Leclerc,1997-10-16,Monegasque,ferrari,Ferrari,Italian,2021,19,18,São Paulo Grand Prix,2021-11-14
48,1071,842,213,10,4,8,8,8,0,24,+34.158,1783717,4,1:13.342,1,gasly,Pierre Gasly,1996-02-07,French,alphatauri,AlphaTauri,Italian,2021,19,18,São Paulo Grand Prix,2021-11-14
49,1071,839,214,31,10,9,9,9,0,24,+34.632,1784191,11,1:13.615,1,ocon,Esteban Ocon,1996-09-17,French,alpine,Alpine F1 Team,French,2021,19,18,São Paulo Grand Prix,2021-11-14
50,1071,20,117,5,11,10,10,10,0,24,+34.867,1784426,5,1:13.558,1,vettel,Sebastian Vettel,1987-07-03,German,aston_martin,Aston Martin,British,2021,19,18,São Paulo Grand Prix,2021-11-14
51,1071,817,1,3,8,11,11,11,0,24,+35.869,1785428,9,1:13.463,1,ricciardo,Daniel Ricciardo,1989-07-01,Australian,mclaren,McLaren,British,2021,19,18,São Paulo Grand Prix,2021-11-14
52,1071,4,214,14,9,12,12,12,0,24,+36.578,1786137,4,1:13.397,1,alonso,Fernando Alonso,1981-07-29,Spanish,alpine,Alpine F1 Team,French,2021,19,18,São Paulo Grand Prix,2021-11-14
53,1071,841,51,99,14,13,13,13,0,24,+41.880,1791439,11,1:13.627,1,giovinazzi,Antonio Giovinazzi,1993-12-14,Italian,alfa,Alfa Romeo,Swiss,2021,19,18,São Paulo Grand Prix,2021-11-14
54,1071,840,117,18,15,14,14,14,0,24,+44.037,1793596,9,1:13.666,1,stroll,Lance Stroll,1998-10-29,Canadian,aston_martin,Aston Martin,British,2021,19,18,São Paulo Grand Prix,2021-11-14
55,1071,852,213,22,12,15,15,15,0,24,+46.150,1795709,11,1:13.747,1,tsunoda,Yuki Tsunoda,2000-05-11,Japanese,alphatauri,AlphaTauri,Italian,2021,19,18,São Paulo Grand Prix,2021-11-14
56,1071,849,3,6,16,16,16,16,0,24,+46.760,1796319,7,1:13.934,1,latifi,Nicholas Latifi,1995-06-29,Canadian,williams,Williams,British,2021,19,18,São Paulo Grand Prix,2021-11-14
57,1071,847,3,63,17,17,17,17,0,24,+47.739,1797298,14,1:14.056,1,russell,George Russell,1998-02-15,British,williams,Williams,British,2021,19,18,São Paulo Grand Prix,2021-11-14
58,1071,8,51,7,13,18,18,18,0,24,+50.014,1799573,9,1:13.900,1,raikkonen,Kimi Räikkönen,1979-10-17,Finnish,alfa,Alfa Romeo,Swiss,2021,19,18,São Paulo Grand Prix,2021-11-14
59,1071,854,210,47,18,19,19,19,0,24,+1:01.680,1811239,9,1:14.387,1,mick_schumacher,Mick Schumacher,1999-03-22,German,haas,Haas F1 Team,American,2021,19,18,São Paulo Grand Prix,2021-11-14
60,1071,853,210,9,19,20,20,20,0,24,+1:07.474,1817033,6,1:14.583,1,mazepin,Nikita Mazepin,1999-03-02,Russian,haas,Haas F1 Team,American,2021,19,18,São Paulo Grand Prix,2021-11-14
61,1077,830,9,1,1,1,1,1,8,21,30:39.567,1839567,14,1:19.154,1,max_verstappen,Max Verstappen,1997-09-30,Dutch,red_bull,Red Bull,Austrian,2022,4,21,Emilia Romagna Grand Prix,2022-04-24
62,1077,844,6,16,2,2,2,2,7,21,+2.975,1842542,11,1:19.044,1,leclerc,Charles Leclerc,1997-10-16,Monegasque,ferrari,Ferrari,Italian,2022,4,21,Emilia Romagna Grand Prix,2022-04-24
63,1077,815,9,11,7,3,3,3,6,21,+4.721,1844288,14,1:19.012,1,perez,Sergio Pérez,1990-01-26,Mexican,red_bull,Red Bull,Austrian,2022,4,21,Emilia Romagna Grand Prix,2022-04-24
64,1077,832,6,55,10,4,4,4,5,21,+17.578,1857145,14,1:19.251,1,sainz,Carlos Sainz,1994-09-01,Spanish,ferrari,Ferrari,Italian,2022,4,21,Emilia Romagna Grand Prix,2022-04-24
65,1077,846,1,4,3,5,5,5,4,21,+24.561,1864128,9,1:20.030,1,norris,Lando Norris,1999-11-13,British,mclaren,McLaren,British,2022,4,21,Emilia Romagna Grand Prix,2022-04-24
66,1077,817,1,3,6,6,6,6,3,21,+27.740,1867307,12,1:20.328,1,ricciardo,Daniel Ricciardo,1989-07-01,Australian,mclaren,McLaren,British,2022,4,21,Emilia Romagna Grand Prix,2022-04-24
67,1077,822,51,77,8,7,7,7,2,21,+28.133,1867700,9,1:20.219,1,bottas,Valtteri Bottas,1989-08-28,Finnish,alfa,Alfa Romeo,Swiss,2022,4,21,Emilia Romagna Grand Prix,2022-04-24
68,1077,825,210,20,4,8,8,8,1,21,+30.712,1870279,6,1:20.557,1,kevin_magnussen,Kevin Magnussen,1992-10-05,Danish,haas,Haas F1 Team,American,2022,4,21,Emilia Romagna Grand Prix,2022-04-24
69,1077,4,214,14,5,9,9,9,0,21,+32.278,1871845,10,1:20.639,1,alonso,Fernando Alonso,1981-07-29,Spanish,alpine,Alpine F1 Team,French,2022,4,21,Emilia Romagna Grand Prix,2022-04-24
70,1077,854,210,47,12,10,10,10,0,21,+33.773,1873340,15,1:20.567,1,mick_schumacher,Mick Schumacher,1999-03-22,German,haas,Haas F1 Team,American,2022,4,21,Emilia Romagna Grand Prix,2022-04-24
71,1077,847,131,63,11,11,11,11,0,21,+36.284,1875851,19,1:20.756,1,russell,George Russell,1998-02-15,British,mercedes,Mercedes,German,2022,4,21,Emilia Romagna Grand Prix,2022-04-24
72,1077,852,213,22,16,12,12,12,0,21,+38.298,1877865,20,1:20.909,1,tsunoda,Yuki Tsunoda,2000-05-11,Japanese,alphatauri,AlphaTauri,Italian,2022,4,21,Emilia Romagna Grand Prix,2022-04-24
73,1077,20,117,5,9,13,13,13,0,21,+40.177,1879744,8,1:21.044,1,vettel,Sebastian Vettel,1987-07-03,German,aston_martin,Aston Martin,British,2022,4,21,Emilia Romagna Grand Prix,2022-04-24
74,1077,1,131,44,13,14,14,14,0,21,+41.459,1881026,9,1:20.663,1,hamilton,Lewis Hamilton,1985-01-07,British,mercedes,Mercedes,German,2022,4,21,Emilia Romagna Grand Prix,2022-04-24
75,1077,840,117,18,15,15,15,15,0,21,+42.910,1882477,14,1:20.948,1,stroll,Lance Stroll,1998-10-29,Canadian,aston_martin,Aston Martin,British,2022,4,21,Emilia Romagna Grand Prix,2022-04-24
76,1077,839,214,31,19,16,16,16,0,21,+43.517,1883084,14,1:20.995,1,ocon,Esteban Ocon,1996-09-17,French,alpine,Alpine F1 Team,French,2022,4,21,Emilia Romagna Grand Prix,2022-04-24
77,1077,842,213,10,17,17,17,17,0,21,+43.794,1883361,18,1:20.599,1,gasly,Pierre Gasly,1996-02-07,French,alphatauri,AlphaTauri,Italian,2022,4,21,Emilia Romagna Grand Prix,2022-04-24
78,1077,848,3,23,20,18,18,18,0,21,+48.871,1888438,14,1:21.020,1,albon,Alexander Albon,1996-03-23,Thai,williams,Williams,British,2022,4,21,Emilia Romagna Grand Prix,2022-04-24
79,1077,849,3,6,18,19,19,19,0,21,+52.017,1891584,16,1:21.437,1,latifi,Nicholas Latifi,1995-06-29,Canadian,williams,Williams,British,2022,4,21,Emilia Romagna Grand Prix,2022-04-24
80,1077,855,51,24,0,\N,R,20,0,0,\N,\N,\N,\N,31,zhou,Guanyu Zhou,1999-05-30,Chinese,alfa,Alfa Romeo,Swiss,2022,4,21,Emilia Romagna Grand Prix,2022-04-24
81,1084,830,9,1,1,1,1,1,8,23,26:30.059,1590059,5,1:08.455,1,max_verstappen,Max Verstappen,1997-09-30,Dutch,red_bull,Red Bull,Austrian,2022,11,70,Austrian Grand Prix,2022-07-10
82,1084,844,6,16,2,2,2,2,7,23,+1.675,1591734,4,1:08.321,1,leclerc,Charles Leclerc,1997-10-16,Monegasque,ferrari,Ferrari,Italian,2022,11,70,Austrian Grand Prix,2022-07-10
83,1084,832,6,55,3,3,3,3,6,23,+5.644,1595703,4,1:08.409,1,sainz,Carlos Sainz,1994-09-01,Spanish,ferrari,Ferrari,Italian,2022,11,70,Austrian Grand Prix,2022-07-10
84,1084,847,131,63,4,4,4,4,5,23,+13.429,1603488,4,1:08.979,1,russell,George Russell,1998-02-15,British,mercedes,Mercedes,German,2022,11,70,Austrian Grand Prix,2022-07-10
85,1084,815,9,11,13,5,5,5,4,23,+18.302,1608361,14,1:09.137,1,perez,Sergio Pérez,1990-01-26,Mexican,red_bull,Red Bull,Austrian,2022,11,70,Austrian Grand Prix,2022-07-10
86,1084,839,214,31,5,6,6,6,3,23,+31.032,1621091,4,1:09.384,1,ocon,Esteban Ocon,1996-09-17,French,alpine,Alpine F1 Team,French,2022,11,70,Austrian Grand Prix,2022-07-10
87,1084,825,210,20,6,7,7,7,2,23,+34.539,1624598,4,1:09.232,1,kevin_magnussen,Kevin Magnussen,1992-10-05,Danish,haas,Haas F1 Team,American,2022,11,70,Austrian Grand Prix,2022-07-10
88,1084,1,131,44,9,8,8,8,1,23,+35.447,1625506,7,1:09.516,1,hamilton,Lewis Hamilton,1985-01-07,British,mercedes,Mercedes,German,2022,11,70,Austrian Grand Prix,2022-07-10
89,1084,854,210,47,7,9,9,9,0,23,+37.163,1627222,4,1:09.457,1,mick_schumacher,Mick Schumacher,1999-03-22,German,haas,Haas F1 Team,American,2022,11,70,Austrian Grand Prix,2022-07-10
90,1084,822,51,77,12,10,10,10,0,23,+37.557,1627616,4,1:09.674,1,bottas,Valtteri Bottas,1989-08-28,Finnish,alfa,Alfa Romeo,Swiss,2022,11,70,Austrian Grand Prix,2022-07-10
91,1084,846,1,4,15,11,11,11,0,23,+38.580,1628639,8,1:09.909,1,norris,Lando Norris,1999-11-13,British,mclaren,McLaren,British,2022,11,70,Austrian Grand Prix,2022-07-10
92,1084,817,1,3,16,12,12,12,0,23,+39.738,1629797,8,1:09.996,1,ricciardo,Daniel Ricciardo,1989-07-01,Australian,mclaren,McLaren,British,2022,11,70,Austrian Grand Prix,2022-07-10
93,1084,840,117,18,17,13,13,13,0,23,+48.241,1638300,4,1:10.295,1,stroll,Lance Stroll,1998-10-29,Canadian,aston_martin,Aston Martin,British,2022,11,70,Austrian Grand Prix,2022-07-10
94,1084,855,51,24,18,14,14,14,0,23,+50.753,1640812,11,1:10.165,1,zhou,Guanyu Zhou,1999-05-30,Chinese,alfa,Alfa Romeo,Swiss,2022,11,70,Austrian Grand Prix,2022-07-10
95,1084,842,213,10,10,15,15,15,0,23,+52.125,1642184,4,1:10.409,1,gasly,Pierre Gasly,1996-02-07,French,alphatauri,AlphaTauri,Italian,2022,11,70,Austrian Grand Prix,2022-07-10
96,1084,848,3,23,11,16,16,16,0,23,+52.412,1642471,5,1:10.367,1,albon,Alexander Albon,1996-03-23,Thai,williams,Williams,British,2022,11,70,Austrian Grand Prix,2022-07-10
97,1084,852,213,22,14,17,17,17,0,23,+54.556,1644615,4,1:10.267,1,tsunoda,Yuki Tsunoda,2000-05-11,Japanese,alphatauri,AlphaTauri,Italian,2022,11,70,Austrian Grand Prix,2022-07-10
98,1084,849,3,6,19,18,18,18,0,23,+1:08.694,1658753,4,1:10.284,1,latifi,Nicholas Latifi,1995-06-29,Canadian,williams,Williams,British,2022,11,70,Austrian Grand Prix,2022-07-10
99,1084,20,117,5,20,19,19,19,0,21,\N,\N,4,1:10.317,130,vettel,Sebastian Vettel,1987-07-03,German,aston_martin,Aston Martin,British,2022,11,70,Austrian Grand Prix,2022-07-10
100,1084,4,214,14,8,\N,N,20,0,0,\N,\N,\N,\N,10,alonso,Fernando Alonso,1981-07-29,Spanish,alpine,Alpine F1 Team,French,2022,11,70,Austrian Grand Prix,2022-07-10
101,1095,847,131,63,3,1,1,1,8,24,30:11.307,1811307,4,1:14.233,1,russell,George Russell,1998-02-15,British,mercedes,Mercedes,German,2022,21,18,São Paulo Grand Prix,2022-11-13
102,1095,832,6,55,5,2,2,2,7,24,+3.995,1815302,2,1:14.522,1,sainz,Carlos Sainz,1994-09-01,Spanish,ferrari,Ferrari,Italian,2022,21,18,São Paulo Grand Prix,2022-11-13
103,1095,1,131,44,8,3,3,3,6,24,+4.492,1815799,3,1:14.317,1,hamilton,Lewis Hamilton,1985-01-07,British,mercedes,Mercedes,German,2022,21,18,São Paulo Grand Prix,2022-11-13
104,1095,830,9,1,2,4,4,4,5,24,+10.494,1821801,5,1:14.507,1,max_verstappen,Max Verstappen,1997-09-30,Dutch,red_bull,Red Bull,Austrian,2022,21,18,São Paulo Grand Prix,2022-11-13
105,1095,815,9,11,9,5,5,5,4,24,+11.855,1823162,5,1:14.699,1,perez,Sergio Pérez,1990-01-26,Mexican,red_bull,Red Bull,Austrian,2022,21,18,São Paulo Grand Prix,2022-11-13
106,1095,844,6,16,10,6,6,6,3,24,+13.133,1824440,4,1:15.236,1,leclerc,Charles Leclerc,1997-10-16,Monegasque,ferrari,Ferrari,Italian,2022,21,18,São Paulo Grand Prix,2022-11-13
107,1095,846,1,4,4,7,7,7,2,24,+25.624,1836931,4,1:15.380,1,norris,Lando Norris,1999-11-13,British,mclaren,McLaren,British,2022,21,18,São Paulo Grand Prix,2022-11-13
108,1095,825,210,20,1,8,8,8,1,24,+28.768,1840075,2,1:15.110,1,kevin_magnussen,Kevin Magnussen,1992-10-05,Danish,haas,Haas F1 Team,American,2022,21,18,São Paulo Grand Prix,2022-11-13
109,1095,20,117,5,13,9,9,9,0,24,+30.218,1841525,4,1:15.451,1,vettel,Sebastian Vettel,1987-07-03,German,aston_martin,Aston Martin,British,2022,21,18,São Paulo Grand Prix,2022-11-13
110,1095,842,213,10,12,10,10,10,0,24,+34.170,1845477,3,1:15.290,1,gasly,Pierre Gasly,1996-02-07,French,alphatauri,AlphaTauri,Italian,2022,21,18,São Paulo Grand Prix,2022-11-13
111,1095,817,1,3,14,11,11,11,0,24,+39.395,1850702,5,1:15.385,1,ricciardo,Daniel Ricciardo,1989-07-01,Australian,mclaren,McLaren,British,2022,21,18,São Paulo Grand Prix,2022-11-13
112,1095,854,210,47,20,12,12,12,0,24,+41.159,1852466,5,1:15.771,1,mick_schumacher,Mick Schumacher,1999-03-22,German,haas,Haas F1 Team,American,2022,21,18,São Paulo Grand Prix,2022-11-13
113,1095,855,51,24,17,13,13,13,0,24,+41.763,1853070,7,1:15.765,1,zhou,Guanyu Zhou,1999-05-30,Chinese,alfa,Alfa Romeo,Swiss,2022,21,18,São Paulo Grand Prix,2022-11-13
114,1095,822,51,77,18,14,14,14,0,24,+42.338,1853645,8,1:15.980,1,bottas,Valtteri Bottas,1989-08-28,Finnish,alfa,Alfa Romeo,Swiss,2022,21,18,São Paulo Grand Prix,2022-11-13
115,1095,852,213,22,19,15,15,15,0,24,+50.306,1861613,4,1:16.413,1,tsunoda,Yuki Tsunoda,2000-05-11,Japanese,alphatauri,AlphaTauri,Italian,2022,21,18,São Paulo Grand Prix,2022-11-13
116,1095,840,117,18,15,16,16,16,0,24,+50.700,1862007,4,1:15.425,1,stroll,Lance Stroll,1998-10-29,Canadian,aston_martin,Aston Martin,British,2022,21,18,São Paulo Grand Prix,2022-11-13
117,1095,839,214,31,6,17,17,17,0,24,+51.756,1863063,5,1:16.097,1,ocon,Esteban Ocon,1996-09-17,French,alpine,Alpine F1 Team,French,2022,21,18,São Paulo Grand Prix,2022-11-13
118,1095,4,214,14,7,18,18,18,0,24,+53.985,1865292,5,1:14.764,1,alonso,Fernando Alonso,1981-07-29,Spanish,alpine,Alpine F1 Team,French,2022,21,18,São Paulo Grand Prix,2022-11-13
119,1095,849,3,6,16,19,19,19,0,24,+1:16.850,1888157,4,1:16.525,1,latifi,Nicholas Latifi,1995-06-29,Canadian,williams,Williams,British,2022,21,18,São Paulo Grand Prix,2022-11-13
120,1095,848,3,23,11,\N,R,20,0,12,\N,\N,4,1:15.998,31,albon,Alexander Albon,1996-03-23,Thai,williams,Williams,British,2022,21,18,São Paulo Grand Prix,2022-11-13
121,1101,815,9,11,2,1,1,1,8,17,33:17.667,1997667,11,1:43.616,1,perez,Sergio Pérez,1990-01-26,Mexican,red_bull,Red Bull,Austrian,2023,4,73,Azerbaijan Grand Prix,2023-04-30
122,1101,844,6,16,1,2,2,2,7,17,+4.463,2002130,12,1:43.646,1,leclerc,Charles Leclerc,1997-10-16,Monegasque,ferrari,Ferrari,Italian,2023,4,73,Azerbaijan Grand Prix,2023-04-30
123,1101,830,9,1,3,3,3,3,6,17,+5.065,2002732,10,1:43.723,1,max_verstappen,Max Verstappen,1997-09-30,Dutch,red_bull,Red Bull,Austrian,2023,4,73,Azerbaijan Grand Prix,2023-04-30
124,1101,847,131,63,4,4,4,4,5,17,+3.467,2001134,10,1:44.409,1,russell,George Russell,1998-02-15,British,mercedes,Mercedes,German,2023,4,73,Azerbaijan Grand Prix,2023-04-30
125,1101,832,6,55,5,5,5,5,4,17,+10.388,2008055,11,1:44.398,1,sainz,Carlos Sainz,1994-09-01,Spanish,ferrari,Ferrari,Italian,2023,4,73,Azerbaijan Grand Prix,2023-04-30
126,1101,4,117,14,8,6,6,6,3,17,+11.613,2009280,12,1:44.544,1,alonso,Fernando Alonso,1981-07-29,Spanish,aston_martin,Aston Martin,British,2023,4,73,Azerbaijan Grand Prix,2023-04-30
127,1101,1,131,44,6,7,7,7,2,17,+4.890,2002557,8,1:44.601,1,hamilton,Lewis Hamilton,1985-01-07,British,mercedes,Mercedes,German,2023,4,73,Azerbaijan Grand Prix,2023-04-30
128,1101,840,117,18,9,8,8,8,1,17,+18.417,2016084,14,1:44.855,1,stroll,Lance Stroll,1998-10-29,Canadian,aston_martin,Aston Martin,British,2023,4,73,Azerbaijan Grand Prix,2023-04-30
129,1101,848,3,23,7,9,9,9,0,17,+21.757,2019424,10,1:44.915,1,albon,Alexander Albon,1996-03-23,Thai,williams,Williams,British,2023,4,73,Azerbaijan Grand Prix,2023-04-30
130,1101,857,1,81,11,10,10,10,0,17,+22.851,2020518,8,1:44.776,1,piastri,Oscar Piastri,2001-04-06,Australian,mclaren,McLaren,British,2023,4,73,Azerbaijan Grand Prix,2023-04-30
131,1101,825,210,20,13,11,11,11,0,17,+27.990,2025657,14,1:45.349,1,kevin_magnussen,Kevin Magnussen,1992-10-05,Danish,haas,Haas F1 Team,American,2023,4,73,Azerbaijan Grand Prix,2023-04-30
132,1101,855,51,24,14,12,12,12,0,17,+34.602,2032269,16,1:45.766,1,zhou,Guanyu Zhou,1999-05-30,Chinese,alfa,Alfa Romeo,Swiss,2023,4,73,Azerbaijan Grand Prix,2023-04-30
133,1101,842,214,10,17,13,13,13,0,17,+36.918,2034585,12,1:45.883,1,gasly,Pierre Gasly,1996-02-07,French,alpine,Alpine F1 Team,French,2023,4,73,Azerbaijan Grand Prix,2023-04-30
134,1101,856,213,21,18,14,14,14,0,17,+41.626,2039293,17,1:45.768,1,de_vries,Nyck de Vries,1995-02-06,Dutch,alphatauri,AlphaTauri,Italian,2023,4,73,Azerbaijan Grand Prix,2023-04-30
135,1101,807,210,27,12,15,15,15,0,17,+48.587,2046254,8,1:45.971,1,hulkenberg,Nico Hülkenberg,1987-08-19,German,haas,Haas F1 Team,American,2023,4,73,Azerbaijan Grand Prix,2023-04-30
136,1101,822,51,77,15,16,16,16,0,17,+49.917,2047584,9,1:46.277,1,bottas,Valtteri Bottas,1989-08-28,Finnish,alfa,Alfa Romeo,Swiss,2023,4,73,Azerbaijan Grand Prix,2023-04-30
137,1101,846,1,4,10,17,17,17,0,17,+51.104,2048771,15,1:44.484,1,norris,Lando Norris,1999-11-13,British,mclaren,McLaren,British,2023,4,73,Azerbaijan Grand Prix,2023-04-30
138,1101,839,214,31,0,18,18,18,0,17,+1:00.621,2058288,15,1:45.090,1,ocon,Esteban Ocon,1996-09-17,French,alpine,Alpine F1 Team,French,2023,4,73,Azerbaijan Grand Prix,2023-04-30
139,1101,852,213,22,16,\N,R,19,0,2,\N,\N,\N,\N,130,tsunoda,Yuki Tsunoda,2000-05-11,Japanese,alphatauri,AlphaTauri,Italian,2023,4,73,Azerbaijan Grand Prix,2023-04-30
140,1101,858,3,2,0,\N,W,20,0,0,\N,\N,\N,\N,3,sargeant,Logan Sargeant,2000-12-31,American,williams,Williams,British,2023,4,73,Azerbaijan Grand Prix,2023-04-30
141,1107,830,9,1,1,1,1,1,8,24,30:26.730,1826730,19,1:14.292,1,max_verstappen,Max Verstappen,1997-09-30,Dutch,red_bull,Red Bull,Austrian,2023,9,70,Austrian Grand Prix,2023-07-02
142,1107,815,9,11,2,2,2,2,7,24,+21.048,1847778,16,1:15.492,1,perez,Sergio Pérez,1990-01-26,Mexican,red_bull,Red Bull,Austrian,2023,9,70,Austrian Grand Prix,2023-07-02
143,1107,832,6,55,5,3,3,3,6,24,+23.088,1849818,16,1:15.457,1,sainz,Carlos Sainz,1994-09-01,Spanish,ferrari,Ferrari,Italian,2023,9,70,Austrian Grand Prix,2023-07-02
144,1107,840,117,18,7,4,4,4,5,24,+29.703,1856433,23,1:15.531,1,stroll,Lance Stroll,1998-10-29,Canadian,aston_martin,Aston Martin,British,2023,9,70,Austrian Grand Prix,2023-07-02
145,1107,4,117,14,6,5,5,5,4,24,+30.109,1856839,18,1:14.978,1,alonso,Fernando Alonso,1981-07-29,Spanish,aston_martin,Aston Martin,British,2023,9,70,Austrian Grand Prix,2023-07-02
146,1107,807,210,27,4,6,6,6,3,24,+31.297,1858027,24,1:10.180,1,hulkenberg,Nico Hülkenberg,1987-08-19,German,haas,Haas F1 Team,American,2023,9,70,Austrian Grand Prix,2023-07-02
147,1107,839,214,31,8,7,7,7,2,24,+36.602,1863332,22,1:15.512,1,ocon,Esteban Ocon,1996-09-17,French,alpine,Alpine F1 Team,French,2023,9,70,Austrian Grand Prix,2023-07-02
148,1107,847,131,63,15,8,8,8,1,24,+36.611,1863341,23,1:10.385,1,russell,George Russell,1998-02-15,British,mercedes,Mercedes,German,2023,9,70,Austrian Grand Prix,2023-07-02
149,1107,846,1,4,3,9,9,9,0,24,+38.608,1865338,19,1:15.627,1,norris,Lando Norris,1999-11-13,British,mclaren,McLaren,British,2023,9,70,Austrian Grand Prix,2023-07-02
150,1107,1,131,44,18,10,10,10,0,24,+46.375,1873105,24,1:10.775,1,hamilton,Lewis Hamilton,1985-01-07,British,mercedes,Mercedes,German,2023,9,70,Austrian Grand Prix,2023-07-02
151,1107,857,1,81,17,11,11,11,0,24,+49.807,1876537,24,1:10.274,1,piastri,Oscar Piastri,2001-04-06,Australian,mclaren,McLaren,British,2023,9,70,Austrian Grand Prix,2023-07-02
152,1107,844,6,16,9,12,12,12,0,24,+50.789,1877519,24,1:10.686,1,leclerc,Charles Leclerc,1997-10-16,Monegasque,ferrari,Ferrari,Italian,2023,9,70,Austrian Grand Prix,2023-07-02
153,1107,848,3,23,11,13,13,13,0,24,+52.848,1879578,24,1:11.635,1,albon,Alexander Albon,1996-03-23,Thai,williams,Williams,British,2023,9,70,Austrian Grand Prix,2023-07-02
154,1107,825,210,20,10,14,14,14,0,24,+56.593,1883323,23,1:10.539,1,kevin_magnussen,Kevin Magnussen,1992-10-05,Danish,haas,Haas F1 Team,American,2023,9,70,Austrian Grand Prix,2023-07-02
155,1107,842,214,10,12,15,15,15,0,24,+57.652,1884382,22,1:16.109,1,gasly,Pierre Gasly,1996-02-07,French,alpine,Alpine F1 Team,French,2023,9,70,Austrian Grand Prix,2023-07-02
156,1107,852,213,22,13,16,16,16,0,24,+1:04.822,1891552,23,1:11.363,1,tsunoda,Yuki Tsunoda,2000-05-11,Japanese,alphatauri,AlphaTauri,Italian,2023,9,70,Austrian Grand Prix,2023-07-02
157,1107,856,213,21,14,17,17,17,0,24,+1:05.617,1892347,22,1:11.701,1,de_vries,Nyck de Vries,1995-02-06,Dutch,alphatauri,AlphaTauri,Italian,2023,9,70,Austrian Grand Prix,2023-07-02
158,1107,858,3,2,20,18,18,18,0,24,+1:06.059,1892789,21,1:11.829,1,sargeant,Logan Sargeant,2000-12-31,American,williams,Williams,British,2023,9,70,Austrian Grand Prix,2023-07-02
159,1107,855,51,24,16,19,19,19,0,24,+1:10.825,1897555,22,1:11.305,1,zhou,Guanyu Zhou,1999-05-30,Chinese,alfa,Alfa Romeo,Swiss,2023,9,70,Austrian Grand Prix,2023-07-02
160,1107,822,51,77,0,20,20,20,0,24,+1:16.435,1903165,22,1:16.758,1,bottas,Valtteri Bottas,1989-08-28,Finnish,alfa,Alfa Romeo,Swiss,2023,9,70,Austrian Grand Prix,2023-07-02
161,1110,830,9,1,1,1,1,1,8,11,24:58.433,1498433,6,1:58.943,1,max_verstappen,Max Verstappen,1997-09-30,Dutch,red_bull,Red Bull,Austrian,2023,12,13,Belgian Grand Prix,2023-07-30
162,1110,857,1,81,2,2,2,2,7,11,+6.677,1505110,2,2:00.360,1,piastri,Oscar Piastri,2001-04-06,Australian,mclaren,McLaren,British,2023,12,13,Belgian Grand Prix,2023-07-30
163,1110,842,214,10,6,3,3,3,6,11,+10.733,1509166,6,2:01.857,1,gasly,Pierre Gasly,1996-02-07,French,alpine,Alpine F1 Team,French,2023,12,13,Belgian Grand Prix,2023-07-30
164,1110,832,6,55,3,4,4,4,5,11,+12.648,1511081,7,2:01.472,1,sainz,Carlos Sainz,1994-09-01,Spanish,ferrari,Ferrari,Italian,2023,12,13,Belgian Grand Prix,2023-07-30
165,1110,844,6,16,4,5,5,5,4,11,+15.016,1513449,7,2:02.635,1,leclerc,Charles Leclerc,1997-10-16,Monegasque,ferrari,Ferrari,Italian,2023,12,13,Belgian Grand Prix,2023-07-30
166,1110,846,1,4,5,6,6,6,3,11,+16.052,1514485,8,2:02.085,1,norris,Lando Norris,1999-11-13,British,mclaren,McLaren,British,2023,12,13,Belgian Grand Prix,2023-07-30
167,1110,1,131,44,7,7,7,7,2,11,+16.757,1515190,7,2:00.920,1,hamilton,Lewis Hamilton,1985-01-07,British,mercedes,Mercedes,German,2023,12,13,Belgian Grand Prix,2023-07-30
168,1110,847,131,63,10,8,8,8,1,11,+16.822,1515255,10,2:01.935,1,russell,George Russell,1998-02-15,British,mercedes,Mercedes,German,2023,12,13,Belgian Grand Prix,2023-07-30
169,1110,839,214,31,9,9,9,9,0,11,+22.410,1520843,6,2:03.061,1,ocon,Esteban Ocon,1996-09-17,French,alpine,Alpine F1 Team,French,2023,12,13,Belgian Grand Prix,2023-07-30
170,1110,817,213,3,11,10,10,10,0,11,+22.806,1521239,8,2:02.967,1,ricciardo,Daniel Ricciardo,1989-07-01,Australian,alphatauri,AlphaTauri,Italian,2023,12,13,Belgian Grand Prix,2023-07-30
171,1110,840,117,18,14,11,11,11,0,11,+25.007,1523440,6,2:03.356,1,stroll,Lance Stroll,1998-10-29,Canadian,aston_martin,Aston Martin,British,2023,12,13,Belgian Grand Prix,2023-07-30
172,1110,848,3,23,12,12,12,12,0,11,+26.303,1524736,6,2:03.674,1,albon,Alexander Albon,1996-03-23,Thai,williams,Williams,British,2023,12,13,Belgian Grand Prix,2023-07-30
173,1110,822,51,77,17,13,13,13,0,11,+27.006,1525439,6,2:03.595,1,bottas,Valtteri Bottas,1989-08-28,Finnish,alfa,Alfa Romeo,Swiss,2023,12,13,Belgian Grand Prix,2023-07-30
174,1110,825,210,20,18,14,14,14,0,11,+32.986,1531419,6,2:03.965,1,kevin_magnussen,Kevin Magnussen,1992-10-05,Danish,haas,Haas F1 Team,American,2023,12,13,Belgian Grand Prix,2023-07-30
175,1110,855,51,24,19,15,15,15,0,11,+36.342,1534775,6,2:04.760,1,zhou,Guanyu Zhou,1999-05-30,Chinese,alfa,Alfa Romeo,Swiss,2023,12,13,Belgian Grand Prix,2023-07-30
176,1110,858,3,2,13,16,16,16,0,11,+37.571,1536004,6,2:03.482,1,sargeant,Logan Sargeant,2000-12-31,American,williams,Williams,British,2023,12,13,Belgian Grand Prix,2023-07-30
177,1110,807,210,27,20,17,17,17,0,11,+37.827,1536260,6,2:03.472,1,hulkenberg,Nico Hülkenberg,1987-08-19,German,haas,Haas F1 Team,American,2023,12,13,Belgian Grand Prix,2023-07-30
178,1110,852,213,22,16,18,18,18,0,11,+39.267,1537700,7,2:02.080,1,tsunoda,Yuki Tsunoda,2000-05-11,Japanese,alphatauri,AlphaTauri,Italian,2023,12,13,Belgian Grand Prix,2023-07-30
179,1110,815,9,11,8,\N,R,19,0,8,\N,\N,2,2:02.516,130,perez,Sergio Pérez,1990-01-26,Mexican,red_bull,Red Bull,Austrian,2023,12,13,Belgian Grand Prix,2023-07-30
180,1110,4,117,14,15,\N,R,20,0,2,\N,\N,\N,\N,3,alonso,Fernando Alonso,1981-07-29,Spanish,aston_martin,Aston Martin,British,2023,12,13,Belgian Grand Prix,2023-07-30
181,1115,857,1,81,1,1,1,1,8,19,35:01.297,2101297,17,1:25.926,1,piastri,Oscar Piastri,2001-04-06,Australian,mclaren,McLaren,British,2023,17,78,Qatar Grand Prix,2023-10-08
182,1115,830,9,1,3,2,2,2,7,19,+1.871,2103168,17,1:25.604,1,max_verstappen,Max Verstappen,1997-09-30,Dutch,red_bull,Red Bull,Austrian,2023,17,78,Qatar Grand Prix,2023-10-08
183,1115,846,1,4,2,3,3,3,6,19,+8.497,2109794,19,1:25.662,1,norris,Lando Norris,1999-11-13,British,mclaren,McLaren,British,2023,17,78,Qatar Grand Prix,2023-10-08
184,1115,847,131,63,4,4,4,4,5,19,+11.036,2112333,18,1:27.220,1,russell,George Russell,1998-02-15,British,mercedes,Mercedes,German,2023,17,78,Qatar Grand Prix,2023-10-08
185,1115,1,131,44,12,5,5,5,4,19,+17.314,2118611,19,1:27.968,1,hamilton,Lewis Hamilton,1985-01-07,British,mercedes,Mercedes,German,2023,17,78,Qatar Grand Prix,2023-10-08
186,1115,832,6,55,5,6,6,6,3,19,+18.806,2120103,7,1:28.644,1,sainz,Carlos Sainz,1994-09-01,Spanish,ferrari,Ferrari,Italian,2023,17,78,Qatar Grand Prix,2023-10-08
187,1115,848,3,23,17,7,7,7,2,19,+19.864,2121161,16,1:28.717,1,albon,Alexander Albon,1996-03-23,Thai,williams,Williams,British,2023,17,78,Qatar Grand Prix,2023-10-08
188,1115,4,117,14,9,8,8,8,1,19,+21.180,2122477,16,1:28.717,1,alonso,Fernando Alonso,1981-07-29,Spanish,aston_martin,Aston Martin,British,2023,17,78,Qatar Grand Prix,2023-10-08
189,1115,842,214,10,11,9,9,9,0,19,+21.742,2123039,16,1:28.769,1,gasly,Pierre Gasly,1996-02-07,French,alpine,Alpine F1 Team,French,2023,17,78,Qatar Grand Prix,2023-10-08
190,1115,822,51,77,13,10,10,10,0,19,+22.208,2123505,17,1:29.017,1,bottas,Valtteri Bottas,1989-08-28,Finnish,alfa,Alfa Romeo,Swiss,2023,17,78,Qatar Grand Prix,2023-10-08
191,1115,852,213,22,18,11,11,11,0,19,+22.863,2124160,17,1:29.381,1,tsunoda,Yuki Tsunoda,2000-05-11,Japanese,alphatauri,AlphaTauri,Italian,2023,17,78,Qatar Grand Prix,2023-10-08
192,1115,844,6,16,6,12,12,12,0,19,+24.860,2126157,8,1:28.759,1,leclerc,Charles Leclerc,1997-10-16,Monegasque,ferrari,Ferrari,Italian,2023,17,78,Qatar Grand Prix,2023-10-08
193,1115,840,117,18,16,13,13,13,0,19,+24.523,2125820,17,1:29.536,1,stroll,Lance Stroll,1998-10-29,Canadian,aston_martin,Aston Martin,British,2023,17,78,Qatar Grand Prix,2023-10-08
194,1115,825,210,20,19,14,14,14,0,19,+24.970,2126267,17,1:29.560,1,kevin_magnussen,Kevin Magnussen,1992-10-05,Danish,haas,Haas F1 Team,American,2023,17,78,Qatar Grand Prix,2023-10-08
195,1115,855,51,24,15,15,15,15,0,19,+26.868,2128165,17,1:29.553,1,zhou,Guanyu Zhou,1999-05-30,Chinese,alfa,Alfa Romeo,Swiss,2023,17,78,Qatar Grand Prix,2023-10-08
196,1115,807,210,27,7,\N,R,16,0,11,\N,\N,9,1:29.307,31,hulkenberg,Nico Hülkenberg,1987-08-19,German,haas,Haas F1 Team,American,2023,17,78,Qatar Grand Prix,2023-10-08
197,1115,839,214,31,10,\N,R,17,0,10,\N,\N,8,1:29.388,31,ocon,Esteban Ocon,1996-09-17,French,alpine,Alpine F1 Team,French,2023,17,78,Qatar Grand Prix,2023-10-08
198,1115,815,9,11,8,\N,R,18,0,10,\N,\N,9,1:28.584,31,perez,Sergio Pérez,1990-01-26,Mexican,red_bull,Red Bull,Austrian,2023,17,78,Qatar Grand Prix,2023-10-08
199,1115,858,3,2,20,\N,R,19,0,2,\N,\N,2,2:03.562,31,sargeant,Logan Sargeant,2000-12-31,American,williams,Williams,British,2023,17,78,Qatar Grand Prix,2023-10-08
200,1115,859,213,40,14,\N,R,20,0,0,\N,\N,\N,\N,31,lawson,Liam Lawson,2002-02-11,New Zealander,alphatauri,AlphaTauri,Italian,2023,17,78,Qatar Grand Prix,2023-10-08
201,1116,830,9,1,1,1,1,1,8,19,31:30.849,1890849,2,1:39.060,1,max_verstappen,Max Verstappen,1997-09-30,Dutch,red_bull,Red Bull,Austrian,2023,18,69,United States Grand Prix,2023-10-22
202,1116,1,131,44,3,2,2,2,7,19,+9.465,1900314,3,1:39.138,1,hamilton,Lewis Hamilton,1985-01-07,British,mercedes,Mercedes,German,2023,18,69,United States Grand Prix,2023-10-22
203,1116,844,6,16,2,3,3,3,6,19,+17.987,1908836,3,1:39.634,1,leclerc,Charles Leclerc,1997-10-16,Monegasque,ferrari,Ferrari,Italian,2023,18,69,United States Grand Prix,2023-10-22
204,1116,846,1,4,4,4,4,4,5,19,+18.863,1909712,15,1:39.795,1,norris,Lando Norris,1999-11-13,British,mclaren,McLaren,British,2023,18,69,United States Grand Prix,2023-10-22
205,1116,815,9,11,7,5,5,5,4,19,+22.928,1913777,6,1:39.824,1,perez,Sergio Pérez,1990-01-26,Mexican,red_bull,Red Bull,Austrian,2023,18,69,United States Grand Prix,2023-10-22
206,1116,832,6,55,6,6,6,6,3,19,+28.307,1919156,5,1:40.223,1,sainz,Carlos Sainz,1994-09-01,Spanish,ferrari,Ferrari,Italian,2023,18,69,United States Grand Prix,2023-10-22
207,1116,842,214,10,9,7,7,7,2,19,+32.403,1923252,5,1:40.155,1,gasly,Pierre Gasly,1996-02-07,French,alpine,Alpine F1 Team,French,2023,18,69,United States Grand Prix,2023-10-22
208,1116,847,131,63,11,8,8,8,1,19,+34.250,1925099,10,1:40.253,1,russell,George Russell,1998-02-15,British,mercedes,Mercedes,German,2023,18,69,United States Grand Prix,2023-10-22
209,1116,848,3,23,8,9,9,9,0,19,+34.567,1925416,17,1:40.094,1,albon,Alexander Albon,1996-03-23,Thai,williams,Williams,British,2023,18,69,United States Grand Prix,2023-10-22
210,1116,857,1,81,5,10,10,10,0,19,+42.403,1933252,16,1:41.037,1,piastri,Oscar Piastri,2001-04-06,Australian,mclaren,McLaren,British,2023,18,69,United States Grand Prix,2023-10-22
211,1116,839,214,31,13,11,11,11,0,19,+44.986,1935835,15,1:41.013,1,ocon,Esteban Ocon,1996-09-17,French,alpine,Alpine F1 Team,French,2023,18,69,United States Grand Prix,2023-10-22
212,1116,817,213,3,10,12,12,12,0,19,+45.509,1936358,14,1:40.434,1,ricciardo,Daniel Ricciardo,1989-07-01,Australian,alphatauri,AlphaTauri,Italian,2023,18,69,United States Grand Prix,2023-10-22
213,1116,4,117,14,12,13,13,13,0,19,+49.086,1939935,16,1:40.805,1,alonso,Fernando Alonso,1981-07-29,Spanish,aston_martin,Aston Martin,British,2023,18,69,United States Grand Prix,2023-10-22
214,1116,852,213,22,19,14,14,14,0,19,+49.733,1940582,17,1:40.632,1,tsunoda,Yuki Tsunoda,2000-05-11,Japanese,alphatauri,AlphaTauri,Italian,2023,18,69,United States Grand Prix,2023-10-22
215,1116,807,210,27,16,15,15,15,0,19,+56.650,1947499,18,1:41.232,1,hulkenberg,Nico Hülkenberg,1987-08-19,German,haas,Haas F1 Team,American,2023,18,69,United States Grand Prix,2023-10-22
216,1116,822,51,77,18,16,16,16,0,19,+1:04.401,1955250,18,1:41.503,1,bottas,Valtteri Bottas,1989-08-28,Finnish,alfa,Alfa Romeo,Swiss,2023,18,69,United States Grand Prix,2023-10-22
217,1116,855,51,24,15,17,17,17,0,19,+1:07.972,1958821,18,1:41.595,1,zhou,Guanyu Zhou,1999-05-30,Chinese,alfa,Alfa Romeo,Swiss,2023,18,69,United States Grand Prix,2023-10-22
218,1116,825,210,20,17,18,18,18,0,19,+1:11.122,1961971,3,1:41.699,1,kevin_magnussen,Kevin Magnussen,1992-10-05,Danish,haas,Haas F1 Team,American,2023,18,69,United States Grand Prix,2023-10-22
219,1116,858,3,2,20,19,19,19,0,19,+1:11.449,1962298,6,1:41.947,1,sargeant,Logan Sargeant,2000-12-31,American,williams,Williams,British,2023,18,69,United States Grand Prix,2023-10-22
220,1116,840,117,18,14,\N,R,20,0,16,\N,\N,5,1:41.460,23,stroll,Lance Stroll,1998-10-29,Canadian,aston_martin,Aston Martin,British,2023,18,69,United States Grand Prix,2023-10-22
221,1118,830,9,1,2,1,1,1,8,24,30:07.209,1807209,3,1:14.540,1,max_verstappen,Max Verstappen,1997-09-30,Dutch,red_bull,Red Bull,Austrian,2023,20,18,São Paulo Grand Prix,2023-11-05
222,1118,846,1,4,1,2,2,2,7,24,+4.287,1811496,3,1:14.647,1,norris,Lando Norris,1999-11-13,British,mclaren,McLaren,British,2023,20,18,São Paulo Grand Prix,2023-11-05
223,1118,815,9,11,3,3,3,3,6,24,+13.617,1820826,2,1:15.008,1,perez,Sergio Pérez,1990-01-26,Mexican,red_bull,Red Bull,Austrian,2023,20,18,São Paulo Grand Prix,2023-11-05
224,1118,847,131,63,4,4,4,4,5,24,+25.879,1833088,2,1:14.422,1,russell,George Russell,1998-02-15,British,mercedes,Mercedes,German,2023,20,18,São Paulo Grand Prix,2023-11-05
225,1118,844,6,16,7,5,5,5,4,24,+28.560,1835769,3,1:15.411,1,leclerc,Charles Leclerc,1997-10-16,Monegasque,ferrari,Ferrari,Italian,2023,20,18,São Paulo Grand Prix,2023-11-05
226,1118,852,213,22,6,6,6,6,3,24,+29.210,1836419,2,1:15.532,1,tsunoda,Yuki Tsunoda,2000-05-11,Japanese,alphatauri,AlphaTauri,Italian,2023,20,18,São Paulo Grand Prix,2023-11-05
227,1118,1,131,44,5,7,7,7,2,24,+34.726,1841935,2,1:15.276,1,hamilton,Lewis Hamilton,1985-01-07,British,mercedes,Mercedes,German,2023,20,18,São Paulo Grand Prix,2023-11-05
228,1118,832,6,55,9,8,8,8,1,24,+35.106,1842315,3,1:15.362,1,sainz,Carlos Sainz,1994-09-01,Spanish,ferrari,Ferrari,Italian,2023,20,18,São Paulo Grand Prix,2023-11-05
229,1118,817,213,3,8,9,9,9,0,24,+35.303,1842512,2,1:15.460,1,ricciardo,Daniel Ricciardo,1989-07-01,Australian,alphatauri,AlphaTauri,Italian,2023,20,18,São Paulo Grand Prix,2023-11-05
230,1118,857,1,81,10,10,10,10,0,24,+38.219,1845428,2,1:15.463,1,piastri,Oscar Piastri,2001-04-06,Australian,mclaren,McLaren,British,2023,20,18,São Paulo Grand Prix,2023-11-05
231,1118,4,117,14,15,11,11,11,0,24,+39.061,1846270,4,1:15.477,1,alonso,Fernando Alonso,1981-07-29,Spanish,aston_martin,Aston Martin,British,2023,20,18,São Paulo Grand Prix,2023-11-05
232,1118,840,117,18,17,12,12,12,0,24,+39.478,1846687,3,1:15.467,1,stroll,Lance Stroll,1998-10-29,Canadian,aston_martin,Aston Martin,British,2023,20,18,São Paulo Grand Prix,2023-11-05
233,1118,842,214,10,13,13,13,13,0,24,+40.621,1847830,3,1:15.209,1,gasly,Pierre Gasly,1996-02-07,French,alpine,Alpine F1 Team,French,2023,20,18,São Paulo Grand Prix,2023-11-05
234,1118,839,214,31,16,14,14,14,0,24,+42.848,1850057,3,1:15.536,1,ocon,Esteban Ocon,1996-09-17,French,alpine,Alpine F1 Team,French,2023,20,18,São Paulo Grand Prix,2023-11-05
235,1118,848,3,23,19,15,15,15,0,24,+43.394,1850603,3,1:15.598,1,albon,Alexander Albon,1996-03-23,Thai,williams,Williams,British,2023,20,18,São Paulo Grand Prix,2023-11-05
236,1118,825,210,20,11,16,16,16,0,24,+56.507,1863716,3,1:15.464,1,kevin_magnussen,Kevin Magnussen,1992-10-05,Danish,haas,Haas F1 Team,American,2023,20,18,São Paulo Grand Prix,2023-11-05
237,1118,855,51,24,18,17,17,17,0,24,+58.723,1865932,3,1:15.837,1,zhou,Guanyu Zhou,1999-05-30,Chinese,alfa,Alfa Romeo,Swiss,2023,20,18,São Paulo Grand Prix,2023-11-05
238,1118,807,210,27,12,18,18,18,0,24,+1:00.330,1867539,3,1:15.472,1,hulkenberg,Nico Hülkenberg,1987-08-19,German,haas,Haas F1 Team,American,2023,20,18,São Paulo Grand Prix,2023-11-05
239,1118,822,51,77,14,19,19,19,0,24,+1:00.749,1867958,3,1:15.738,1,bottas,Valtteri Bottas,1989-08-28,Finnish,alfa,Alfa Romeo,Swiss,2023,20,18,São Paulo Grand Prix,2023-11-05
240,1118,858,3,2,20,20,20,20,0,24,+1:00.945,1868154,4,1:15.496,1,sargeant,Logan Sargeant,2000-12-31,American,williams,Williams,British,2023,20,18,São Paulo Grand Prix,2023-11-05
241,1125,830,9,1,4,1,1,1,8,19,32:04.660,1924660,3,1:40.331,1,max_verstappen,Max Verstappen,1997-09-30,Dutch,red_bull,Red Bull,Austrian,2024,5,17,Chinese Grand Prix,2024-04-21
242,1125,1,131,44,2,2,2,2,7,19,+13.043,1937703,3,1:40.420,1,hamilton,Lewis Hamilton,1985-01-07,British,mercedes,Mercedes,German,2024,5,17,Chinese Grand Prix,2024-04-21
243,1125,815,9,11,6,3,3,3,6,19,+15.258,1939918,4,1:41.065,1,perez,Sergio Pérez,1990-01-26,Mexican,red_bull,Red Bull,Austrian,2024,5,17,Chinese Grand Prix,2024-04-21
244,1125,844,6,16,7,4,4,4,5,19,+17.486,1942146,4,1:41.003,1,leclerc,Charles Leclerc,1997-10-16,Monegasque,ferrari,Ferrari,Italian,2024,5,17,Chinese Grand Prix,2024-04-21
245,1125,832,6,55,5,5,5,5,4,19,+20.696,1945356,4,1:40.962,1,sainz,Carlos Sainz,1994-09-01,Spanish,ferrari,Ferrari,Italian,2024,5,17,Chinese Grand Prix,2024-04-21
246,1125,846,1,4,1,6,6,6,3,19,+22.088,1946748,4,1:40.951,1,norris,Lando Norris,1999-11-13,British,mclaren,McLaren,British,2024,5,17,Chinese Grand Prix,2024-04-21
247,1125,857,1,81,8,7,7,7,2,19,+24.713,1949373,3,1:41.107,1,piastri,Oscar Piastri,2001-04-06,Australian,mclaren,McLaren,British,2024,5,17,Chinese Grand Prix,2024-04-21
248,1125,847,131,63,11,8,8,8,1,19,+25.696,1950356,5,1:41.505,1,russell,George Russell,1998-02-15,British,mercedes,Mercedes,German,2024,5,17,Chinese Grand Prix,2024-04-21
249,1125,855,15,24,10,9,9,9,0,19,+31.951,1956611,4,1:41.502,1,zhou,Guanyu Zhou,1999-05-30,Chinese,sauber,Sauber,Swiss,2024,5,17,Chinese Grand Prix,2024-04-21
250,1125,825,210,20,12,10,10,10,0,19,+37.398,1962058,5,1:42.092,1,kevin_magnussen,Kevin Magnussen,1992-10-05,Danish,haas,Haas F1 Team,American,2024,5,17,Chinese Grand Prix,2024-04-21
251,1125,817,215,3,14,11,11,11,0,19,+37.840,1962500,6,1:42.234,1,ricciardo,Daniel Ricciardo,1989-07-01,Australian,rb,RB F1 Team,Italian,2024,5,17,Chinese Grand Prix,2024-04-21
252,1125,822,15,77,9,12,12,12,0,19,+38.295,1962955,6,1:42.140,1,bottas,Valtteri Bottas,1989-08-28,Finnish,sauber,Sauber,Swiss,2024,5,17,Chinese Grand Prix,2024-04-21
253,1125,839,214,31,17,13,13,13,0,19,+39.841,1964501,4,1:42.191,1,ocon,Esteban Ocon,1996-09-17,French,alpine,Alpine F1 Team,French,2024,5,17,Chinese Grand Prix,2024-04-21
254,1125,840,117,18,15,14,14,14,0,19,+40.299,1964959,5,1:42.258,1,stroll,Lance Stroll,1998-10-29,Canadian,aston_martin,Aston Martin,British,2024,5,17,Chinese Grand Prix,2024-04-21
255,1125,842,214,10,16,15,15,15,0,19,+40.838,1965498,4,1:42.017,1,gasly,Pierre Gasly,1996-02-07,French,alpine,Alpine F1 Team,French,2024,5,17,Chinese Grand Prix,2024-04-21
256,1125,852,215,22,19,16,16,16,0,19,+41.870,1966530,4,1:42.056,1,tsunoda,Yuki Tsunoda,2000-05-11,Japanese,rb,RB F1 Team,Italian,2024,5,17,Chinese Grand Prix,2024-04-21
257,1125,848,3,23,18,17,17,17,0,19,+42.998,1967658,8,1:42.389,1,albon,Alexander Albon,1996-03-23,Thai,williams,Williams,British,2024,5,17,Chinese Grand Prix,2024-04-21
258,1125,858,3,2,20,18,18,18,0,19,+46.352,1971012,7,1:42.516,1,sargeant,Logan Sargeant,2000-12-31,American,williams,Williams,British,2024,5,17,Chinese Grand Prix,2024-04-21
259,1125,807,210,27,13,19,19,19,0,19,+49.630,1974290,5,1:42.315,1,hulkenberg,Nico Hülkenberg,1987-08-19,German,haas,Haas F1 Team,American,2024,5,17,Chinese Grand Prix,2024-04-21
260,1125,4,117,14,3,20,20,20,0,17,\N,\N,3,1:40.537,31,alonso,Fernando Alonso,1981-07-29,Spanish,aston_martin,Aston Martin,British,2024,5,17,Chinese Grand Prix,2024-04-21
261,1126,830,9,1,1,1,1,1,8,19,31:31.383,1891383,4,1:30.415,1,max_verstappen,Max Verstappen,1997-09-30,Dutch,red_bull,Red Bull,Austrian,2024,6,79,Miami Grand Prix,2024-05-05
262,1126,844,6,16,2,2,2,2,7,19,+3.371,1894754,4,1:30.807,1,leclerc,Charles Leclerc,1997-10-16,Monegasque,ferrari,Ferrari,Italian,2024,6,79,Miami Grand Prix,2024-05-05
263,1126,815,9,11,3,3,3,3,6,19,+5.095,1896478,19,1:30.921,1,perez,Sergio Pérez,1990-01-26,Mexican,red_bull,Red Bull,Austrian,2024,6,79,Miami Grand Prix,2024-05-05
264,1126,817,215,3,4,4,4,4,5,19,+14.971,1906354,4,1:31.505,1,ricciardo,Daniel Ricciardo,1989-07-01,Australian,rb,RB F1 Team,Italian,2024,6,79,Miami Grand Prix,2024-05-05
265,1126,832,6,55,5,5,5,5,4,19,+15.222,1906605,17,1:31.568,1,sainz,Carlos Sainz,1994-09-01,Spanish,ferrari,Ferrari,Italian,2024,6,79,Miami Grand Prix,2024-05-05
266,1126,857,1,81,6,6,6,6,3,19,+15.750,1907133,19,1:31.393,1,piastri,Oscar Piastri,2001-04-06,Australian,mclaren,McLaren,British,2024,6,79,Miami Grand Prix,2024-05-05
267,1126,807,210,27,10,7,7,7,2,19,+22.054,1913437,8,1:31.963,1,hulkenberg,Nico Hülkenberg,1987-08-19,German,haas,Haas F1 Team,American,2024,6,79,Miami Grand Prix,2024-05-05
268,1126,852,215,22,15,8,8,8,1,19,+29.816,1921199,16,1:31.844,1,tsunoda,Yuki Tsunoda,2000-05-11,Japanese,rb,RB F1 Team,Italian,2024,6,79,Miami Grand Prix,2024-05-05
269,1126,842,214,10,16,9,9,9,0,19,+31.880,1923263,6,1:32.148,1,gasly,Pierre Gasly,1996-02-07,French,alpine,Alpine F1 Team,French,2024,6,79,Miami Grand Prix,2024-05-05
270,1126,858,3,2,18,10,10,10,0,19,+34.355,1925738,6,1:32.192,1,sargeant,Logan Sargeant,2000-12-31,American,williams,Williams,British,2024,6,79,Miami Grand Prix,2024-05-05
271,1126,855,15,24,17,11,11,11,0,19,+35.078,1926461,7,1:32.131,1,zhou,Guanyu Zhou,1999-05-30,Chinese,sauber,Sauber,Swiss,2024,6,79,Miami Grand Prix,2024-05-05
272,1126,847,131,63,11,12,12,12,0,19,+35.755,1927138,8,1:32.173,1,russell,George Russell,1998-02-15,British,mercedes,Mercedes,German,2024,6,79,Miami Grand Prix,2024-05-05
273,1126,848,3,23,20,13,13,13,0,19,+36.086,1927469,6,1:32.223,1,albon,Alexander Albon,1996-03-23,Thai,williams,Williams,British,2024,6,79,Miami Grand Prix,2024-05-05
274,1126,822,15,77,19,14,14,14,0,19,+36.892,1928275,7,1:32.462,1,bottas,Valtteri Bottas,1989-08-28,Finnish,sauber,Sauber,Swiss,2024,6,79,Miami Grand Prix,2024-05-05
275,1126,839,214,31,13,15,15,15,0,19,+37.740,1929123,19,1:32.218,1,ocon,Esteban Ocon,1996-09-17,French,alpine,Alpine F1 Team,French,2024,6,79,Miami Grand Prix,2024-05-05
276,1126,1,131,44,12,16,16,16,0,19,+49.347,1940730,16,1:31.830,1,hamilton,Lewis Hamilton,1985-01-07,British,mercedes,Mercedes,German,2024,6,79,Miami Grand Prix,2024-05-05
277,1126,4,117,14,8,17,17,17,0,19,+59.409,1950792,7,1:32.355,1,alonso,Fernando Alonso,1981-07-29,Spanish,aston_martin,Aston Martin,British,2024,6,79,Miami Grand Prix,2024-05-05
278,1126,825,210,20,14,18,18,18,0,19,+1:06.303,1957686,5,1:32.113,1,kevin_magnussen,Kevin Magnussen,1992-10-05,Danish,haas,Haas F1 Team,American,2024,6,79,Miami Grand Prix,2024-05-05
279,1126,840,117,18,7,19,19,19,0,1,\N,\N,\N,\N,31,stroll,Lance Stroll,1998-10-29,Canadian,aston_martin,Aston Martin,British,2024,6,79,Miami Grand Prix,2024-05-05
280,1126,846,1,4,9,20,20,20,0,0,\N,\N,\N,\N,31,norris,Lando Norris,1999-11-13,British,mclaren,McLaren,British,2024,6,79,Miami Grand Prix,2024-05-05
281,1131,830,9,1,1,1,1,1,8,23,26:41.389,1601389,8,1:09.013,1,max_verstappen,Max Verstappen,1997-09-30,Dutch,red_bull,Red Bull,Austrian,2024,11,70,Austrian Grand Prix,2024-06-30
282,1131,857,1,81,3,2,2,2,7,23,+4.616,1606005,2,1:08.980,1,piastri,Oscar Piastri,2001-04-06,Australian,mclaren,McLaren,British,2024,11,70,Austrian Grand Prix,2024-06-30
283,1131,846,1,4,2,3,3,3,6,23,+5.348,1606737,2,1:08.935,1,norris,Lando Norris,1999-11-13,British,mclaren,McLaren,British,2024,11,70,Austrian Grand Prix,2024-06-30
284,1131,847,131,63,4,4,4,4,5,23,+8.354,1609743,4,1:09.194,1,russell,George Russell,1998-02-15,British,mercedes,Mercedes,German,2024,11,70,Austrian Grand Prix,2024-06-30
285,1131,832,6,55,5,5,5,5,4,23,+9.989,1611378,4,1:09.121,1,sainz,Carlos Sainz,1994-09-01,Spanish,ferrari,Ferrari,Italian,2024,11,70,Austrian Grand Prix,2024-06-30
286,1131,1,131,44,6,6,6,6,3,23,+11.207,1612596,5,1:09.265,1,hamilton,Lewis Hamilton,1985-01-07,British,mercedes,Mercedes,German,2024,11,70,Austrian Grand Prix,2024-06-30
287,1131,844,6,16,10,7,7,7,2,23,+13.424,1614813,5,1:09.352,1,leclerc,Charles Leclerc,1997-10-16,Monegasque,ferrari,Ferrari,Italian,2024,11,70,Austrian Grand Prix,2024-06-30
288,1131,815,9,11,7,8,8,8,1,23,+17.409,1618798,4,1:09.420,1,perez,Sergio Pérez,1990-01-26,Mexican,red_bull,Red Bull,Austrian,2024,11,70,Austrian Grand Prix,2024-06-30
289,1131,825,210,20,11,9,9,9,0,23,+24.067,1625456,13,1:09.942,1,kevin_magnussen,Kevin Magnussen,1992-10-05,Danish,haas,Haas F1 Team,American,2024,11,70,Austrian Grand Prix,2024-06-30
290,1131,840,117,18,12,10,10,10,0,23,+30.175,1631564,11,1:10.260,1,stroll,Lance Stroll,1998-10-29,Canadian,aston_martin,Aston Martin,British,2024,11,70,Austrian Grand Prix,2024-06-30
291,1131,839,214,31,8,11,11,11,0,23,+30.839,1632228,9,1:10.254,1,ocon,Esteban Ocon,1996-09-17,French,alpine,Alpine F1 Team,French,2024,11,70,Austrian Grand Prix,2024-06-30
292,1131,842,214,10,9,12,12,12,0,23,+31.308,1632697,10,1:10.168,1,gasly,Pierre Gasly,1996-02-07,French,alpine,Alpine F1 Team,French,2024,11,70,Austrian Grand Prix,2024-06-30
293,1131,852,215,22,14,13,13,13,0,23,+35.452,1636841,5,1:10.363,1,tsunoda,Yuki Tsunoda,2000-05-11,Japanese,rb,RB F1 Team,Italian,2024,11,70,Austrian Grand Prix,2024-06-30
294,1131,817,215,3,16,14,14,14,0,23,+39.397,1640786,5,1:10.480,1,ricciardo,Daniel Ricciardo,1989-07-01,Australian,rb,RB F1 Team,Italian,2024,11,70,Austrian Grand Prix,2024-06-30
295,1131,4,117,14,13,15,15,15,0,23,+43.155,1644544,5,1:10.393,1,alonso,Fernando Alonso,1981-07-29,Spanish,aston_martin,Aston Martin,British,2024,11,70,Austrian Grand Prix,2024-06-30
296,1131,858,3,2,15,16,16,16,0,23,+44.076,1645465,6,1:10.488,1,sargeant,Logan Sargeant,2000-12-31,American,williams,Williams,British,2024,11,70,Austrian Grand Prix,2024-06-30
297,1131,848,3,23,0,17,17,17,0,23,+44.673,1646062,8,1:10.562,1,albon,Alexander Albon,1996-03-23,Thai,williams,Williams,British,2024,11,70,Austrian Grand Prix,2024-06-30
298,1131,822,15,77,18,18,18,18,0,23,+46.511,1647900,8,1:10.590,1,bottas,Valtteri Bottas,1989-08-28,Finnish,sauber,Sauber,Swiss,2024,11,70,Austrian Grand Prix,2024-06-30
299,1131,807,210,27,17,19,19,19,0,23,+48.423,1649812,4,1:10.512,1,hulkenberg,Nico Hülkenberg,1987-08-19,German,haas,Haas F1 Team,American,2024,11,70,Austrian Grand Prix,2024-06-30
300,1131,855,15,24,19,20,20,20,0,23,+53.143,1654532,6,1:10.613,1,zhou,Guanyu Zhou,1999-05-30,Chinese,sauber,Sauber,Swiss,2024,11,70,Austrian Grand Prix,2024-06-30
301,1139,830,9,1,1,1,1,1,8,19,31:06.146,1866146,19,1:37.463,1,max_verstappen,Max Verstappen,1997-09-30,Dutch,red_bull,Red Bull,Austrian,2024,19,69,United States Grand Prix,2024-10-20
302,1139,832,6,55,5,2,2,2,7,19,+3.882,1870028,19,1:37.552,1,sainz,Carlos Sainz,1994-09-01,Spanish,ferrari,Ferrari,Italian,2024,19,69,United States Grand Prix,2024-10-20
303,1139,846,1,4,4,3,3,3,6,19,+6.240,1872386,17,1:38.045,1,norris,Lando Norris,1999-11-13,British,mclaren,McLaren,British,2024,19,69,United States Grand Prix,2024-10-20
304,1139,844,6,16,3,4,4,4,5,19,+6.956,1873102,11,1:37.748,1,leclerc,Charles Leclerc,1997-10-16,Monegasque,ferrari,Ferrari,Italian,2024,19,69,United States Grand Prix,2024-10-20
305,1139,847,131,63,2,5,5,5,4,19,+15.766,1881912,4,1:38.301,1,russell,George Russell,1998-02-15,British,mercedes,Mercedes,German,2024,19,69,United States Grand Prix,2024-10-20
306,1139,1,131,44,7,6,6,6,3,19,+18.724,1884870,17,1:38.372,1,hamilton,Lewis Hamilton,1985-01-07,British,mercedes,Mercedes,German,2024,19,69,United States Grand Prix,2024-10-20
307,1139,825,210,20,8,7,7,7,2,19,+25.161,1891307,6,1:38.602,1,kevin_magnussen,Kevin Magnussen,1992-10-05,Danish,haas,Haas F1 Team,American,2024,19,69,United States Grand Prix,2024-10-20
308,1139,807,210,27,6,8,8,8,1,19,+26.588,1892734,16,1:38.746,1,hulkenberg,Nico Hülkenberg,1987-08-19,German,haas,Haas F1 Team,American,2024,19,69,United States Grand Prix,2024-10-20
309,1139,815,9,11,11,9,9,9,0,19,+29.950,1896096,19,1:38.452,1,perez,Sergio Pérez,1990-01-26,Mexican,red_bull,Red Bull,Austrian,2024,19,69,United States Grand Prix,2024-10-20
310,1139,857,1,81,16,10,10,10,0,19,+37.059,1903205,19,1:37.567,1,piastri,Oscar Piastri,2001-04-06,Australian,mclaren,McLaren,British,2024,19,69,United States Grand Prix,2024-10-20
311,1139,852,215,22,9,11,11,11,0,19,+38.363,1904509,19,1:39.136,1,tsunoda,Yuki Tsunoda,2000-05-11,Japanese,rb,RB F1 Team,Italian,2024,19,69,United States Grand Prix,2024-10-20
312,1139,861,3,43,10,12,12,12,0,19,+39.460,1905606,19,1:39.335,1,colapinto,Franco Colapinto,2003-05-27,Argentinian ,williams,Williams,British,2024,19,69,United States Grand Prix,2024-10-20
313,1139,840,117,18,13,13,13,13,0,19,+41.236,1907382,19,1:39.532,1,stroll,Lance Stroll,1998-10-29,Canadian,aston_martin,Aston Martin,British,2024,19,69,United States Grand Prix,2024-10-20
314,1139,842,214,10,12,14,14,14,0,19,+41.995,1908141,19,1:39.438,1,gasly,Pierre Gasly,1996-02-07,French,alpine,Alpine F1 Team,French,2024,19,69,United States Grand Prix,2024-10-20
315,1139,839,214,31,17,15,15,15,0,19,+42.804,1908950,7,1:38.835,1,ocon,Esteban Ocon,1996-09-17,French,alpine,Alpine F1 Team,French,2024,19,69,United States Grand Prix,2024-10-20
316,1139,859,215,30,15,16,16,16,0,19,+44.008,1910154,7,1:39.237,1,lawson,Liam Lawson,2002-02-11,New Zealander,rb,RB F1 Team,Italian,2024,19,69,United States Grand Prix,2024-10-20
317,1139,848,3,23,0,17,17,17,0,19,+44.564,1910710,17,1:39.198,1,albon,Alexander Albon,1996-03-23,Thai,williams,Williams,British,2024,19,69,United States Grand Prix,2024-10-20
318,1139,4,117,14,14,18,18,18,0,19,+46.807,1912953,18,1:39.250,1,alonso,Fernando Alonso,1981-07-29,Spanish,aston_martin,Aston Martin,British,2024,19,69,United States Grand Prix,2024-10-20
319,1139,855,15,24,19,19,19,19,0,19,+52.842,1918988,17,1:39.705,1,zhou,Guanyu Zhou,1999-05-30,Chinese,sauber,Sauber,Swiss,2024,19,69,United States Grand Prix,2024-10-20
320,1139,822,15,77,18,20,20,20,0,19,+54.476,1920622,16,1:39.642,1,bottas,Valtteri Bottas,1989-08-28,Finnish,sauber,Sauber,Swiss,2024,19,69,United States Grand Prix,2024-10-20
321,1141,846,1,4,2,1,1,1,8,24,29:46.045,1786045,15,1:11.917,1,norris,Lando Norris,1999-11-13,British,mclaren,McLaren,British,2024,21,18,São Paulo Grand Prix,2024-11-03
322,1141,857,1,81,1,2,2,2,7,24,+0.593,1786638,17,1:11.783,1,piastri,Oscar Piastri,2001-04-06,Australian,mclaren,McLaren,British,2024,21,18,São Paulo Grand Prix,2024-11-03
323,1141,844,6,16,3,3,3,3,6,24,+5.656,1791701,3,1:11.914,1,leclerc,Charles Leclerc,1997-10-16,Monegasque,ferrari,Ferrari,Italian,2024,21,18,São Paulo Grand Prix,2024-11-03
324,1141,830,9,1,4,4,4,4,5,24,+6.497,1792542,18,1:11.852,1,max_verstappen,Max Verstappen,1997-09-30,Dutch,red_bull,Red Bull,Austrian,2024,21,18,São Paulo Grand Prix,2024-11-03
325,1141,832,6,55,5,5,5,5,4,24,+7.224,1793269,17,1:11.975,1,sainz,Carlos Sainz,1994-09-01,Spanish,ferrari,Ferrari,Italian,2024,21,18,São Paulo Grand Prix,2024-11-03
326,1141,847,131,63,6,6,6,6,3,24,+12.475,1798520,12,1:12.142,1,russell,George Russell,1998-02-15,British,mercedes,Mercedes,German,2024,21,18,São Paulo Grand Prix,2024-11-03
327,1141,842,214,10,7,7,7,7,2,24,+18.161,1804206,19,1:12.400,1,gasly,Pierre Gasly,1996-02-07,French,alpine,Alpine F1 Team,French,2024,21,18,São Paulo Grand Prix,2024-11-03
328,1141,815,9,11,13,8,8,8,1,24,+18.717,1804762,24,1:11.678,1,perez,Sergio Pérez,1990-01-26,Mexican,red_bull,Red Bull,Austrian,2024,21,18,São Paulo Grand Prix,2024-11-03
329,1141,859,215,30,8,9,9,9,0,24,+20.773,1806818,18,1:12.596,1,lawson,Liam Lawson,2002-02-11,New Zealander,rb,RB F1 Team,Italian,2024,21,18,São Paulo Grand Prix,2024-11-03
330,1141,848,3,23,9,10,10,10,0,24,+24.606,1810651,24,1:11.692,1,albon,Alexander Albon,1996-03-23,Thai,williams,Williams,British,2024,21,18,São Paulo Grand Prix,2024-11-03
331,1141,1,131,44,11,11,11,11,0,24,+29.764,1815809,21,1:12.546,1,hamilton,Lewis Hamilton,1985-01-07,British,mercedes,Mercedes,German,2024,21,18,São Paulo Grand Prix,2024-11-03
332,1141,861,3,43,14,12,12,12,0,24,+33.233,1819278,15,1:12.701,1,colapinto,Franco Colapinto,2003-05-27,Argentinian ,williams,Williams,British,2024,21,18,São Paulo Grand Prix,2024-11-03
333,1141,839,214,31,16,13,13,13,0,24,+34.128,1820173,16,1:12.882,1,ocon,Esteban Ocon,1996-09-17,French,alpine,Alpine F1 Team,French,2024,21,18,São Paulo Grand Prix,2024-11-03
334,1141,860,210,50,10,14,14,14,0,24,+35.507,1821552,4,1:12.974,1,bearman,Oliver Bearman,2005-05-08,British,haas,Haas F1 Team,American,2024,21,18,São Paulo Grand Prix,2024-11-03
335,1141,852,215,22,17,15,15,15,0,24,+41.374,1827419,14,1:12.838,1,tsunoda,Yuki Tsunoda,2000-05-11,Japanese,rb,RB F1 Team,Italian,2024,21,18,São Paulo Grand Prix,2024-11-03
336,1141,822,15,77,15,16,16,16,0,24,+43.231,1829276,24,1:12.698,1,bottas,Valtteri Bottas,1989-08-28,Finnish,sauber,Sauber,Swiss,2024,21,18,São Paulo Grand Prix,2024-11-03
337,1141,855,15,24,0,17,17,17,0,24,+54.139,1840184,3,1:13.559,1,zhou,Guanyu Zhou,1999-05-30,Chinese,sauber,Sauber,Swiss,2024,21,18,São Paulo Grand Prix,2024-11-03
338,1141,4,117,14,0,18,18,18,0,24,+56.537,1842582,16,1:13.111,1,alonso,Fernando Alonso,1981-07-29,Spanish,aston_martin,Aston Martin,British,2024,21,18,São Paulo Grand Prix,2024-11-03
339,1141,840,117,18,0,19,19,19,0,24,+57.983,1844028,3,1:13.560,1,stroll,Lance Stroll,1998-10-29,Canadian,aston_martin,Aston Martin,British,2024,21,18,São Paulo Grand Prix,2024-11-03
340,1141,807,210,27,12,20,20,20,0,19,\N,\N,16,1:12.879,43,hulkenberg,Nico Hülkenberg,1987-08-19,German,haas,Haas F1 Team,American,2024,21,18,São Paulo Grand Prix,2024-11-03
341,1143,857,1,81,3,1,1,1,8,19,27:03.010,1623010,17,1:24.494,1,piastri,Oscar Piastri,2001-04-06,Australian,mclaren,McLaren,British,2024,23,78,Qatar Grand Prix,2024-12-01
342,1143,846,1,4,1,2,2,2,7,19,+0.136,1623146,13,1:24.329,1,norris,Lando Norris,1999-11-13,British,mclaren,McLaren,British,2024,23,78,Qatar Grand Prix,2024-12-01
343,1143,847,131,63,2,3,3,3,6,19,+0.410,1623420,18,1:24.380,1,russell,George Russell,1998-02-15,British,mercedes,Mercedes,German,2024,23,78,Qatar Grand Prix,2024-12-01
344,1143,832,6,55,4,4,4,4,5,19,+1.326,1624336,16,1:24.405,1,sainz,Carlos Sainz,1994-09-01,Spanish,ferrari,Ferrari,Italian,2024,23,78,Qatar Grand Prix,2024-12-01
345,1143,844,6,16,5,5,5,5,4,19,+5.073,1628083,18,1:23.923,1,leclerc,Charles Leclerc,1997-10-16,Monegasque,ferrari,Ferrari,Italian,2024,23,78,Qatar Grand Prix,2024-12-01
346,1143,1,131,44,7,6,6,6,3,19,+5.650,1628660,18,1:24.337,1,hamilton,Lewis Hamilton,1985-01-07,British,mercedes,Mercedes,German,2024,23,78,Qatar Grand Prix,2024-12-01
347,1143,807,210,27,9,7,7,7,2,19,+8.508,1631518,18,1:24.284,1,hulkenberg,Nico Hülkenberg,1987-08-19,German,haas,Haas F1 Team,American,2024,23,78,Qatar Grand Prix,2024-12-01
348,1143,830,9,1,6,8,8,8,1,19,+10.368,1633378,18,1:24.577,1,max_verstappen,Max Verstappen,1997-09-30,Dutch,red_bull,Red Bull,Austrian,2024,23,78,Qatar Grand Prix,2024-12-01
349,1143,842,214,10,8,9,9,9,0,19,+14.513,1637523,19,1:24.930,1,gasly,Pierre Gasly,1996-02-07,French,alpine,Alpine F1 Team,French,2024,23,78,Qatar Grand Prix,2024-12-01
350,1143,825,210,20,15,10,10,10,0,19,+15.485,1638495,18,1:24.568,1,kevin_magnussen,Kevin Magnussen,1992-10-05,Danish,haas,Haas F1 Team,American,2024,23,78,Qatar Grand Prix,2024-12-01
351,1143,4,117,14,11,11,11,11,0,19,+19.204,1642214,19,1:24.281,1,alonso,Fernando Alonso,1981-07-29,Spanish,aston_martin,Aston Martin,British,2024,23,78,Qatar Grand Prix,2024-12-01
352,1143,822,15,77,13,12,12,12,0,19,+23.351,1646361,12,1:25.447,1,bottas,Valtteri Bottas,1989-08-28,Finnish,sauber,Sauber,Swiss,2024,23,78,Qatar Grand Prix,2024-12-01
353,1143,840,117,18,14,13,13,13,0,19,+24.421,1647431,18,1:25.369,1,stroll,Lance Stroll,1998-10-29,Canadian,aston_martin,Aston Martin,British,2024,23,78,Qatar Grand Prix,2024-12-01
354,1143,839,214,31,17,14,14,14,0,19,+30.379,1653389,19,1:25.598,1,ocon,Esteban Ocon,1996-09-17,French,alpine,Alpine F1 Team,French,2024,23,78,Qatar Grand Prix,2024-12-01
355,1143,848,3,23,12,15,15,15,0,19,+33.062,1656072,18,1:25.443,1,albon,Alexander Albon,1996-03-23,Thai,williams,Williams,British,2024,23,78,Qatar Grand Prix,2024-12-01
356,1143,859,215,30,10,16,16,16,0,19,+34.356,1657366,18,1:25.762,1,lawson,Liam Lawson,2002-02-11,New Zealander,rb,RB F1 Team,Italian,2024,23,78,Qatar Grand Prix,2024-12-01
357,1143,852,215,22,16,17,17,17,0,19,+35.102,1658112,17,1:25.838,1,tsunoda,Yuki Tsunoda,2000-05-11,Japanese,rb,RB F1 Team,Italian,2024,23,78,Qatar Grand Prix,2024-12-01
358,1143,861,3,43,0,18,18,18,0,19,+35.639,1658649,18,1:25.599,1,colapinto,Franco Colapinto,2003-05-27,Argentinian ,williams,Williams,British,2024,23,78,Qatar Grand Prix,2024-12-01
359,1143,855,15,24,18,19,19,19,0,19,+1:11.436,1694446,19,1:25.051,1,zhou,Guanyu Zhou,1999-05-30,Chinese,sauber,Sauber,Swiss,2024,23,78,Qatar Grand Prix,2024-12-01
360,1143,815,9,11,0,20,20,20,0,19,+1:14.371,1697381,18,1:24.892,1,perez,Sergio Pérez,1990-01-26,Mexican,red_bull,Red Bull,Austrian,2024,23,78,Qatar Grand Prix,2024-12-01
